ID,FirstName,LastName,Country,DateJoined,Gender,Birthday,Newsletter
0,V0.296680287495188,L0.104646531512644,FR - France,2015-12-18,,1968-02-03,N
1,D0.793097101838541,Law0.141693355411763,GER - Germany,2015-12-21,M,2009-10-06,Y
2,Ker0.141418247925814,Ng0.753960335680345,FR - France,2015-12-22,F,1990-08-04,Y
3,Fik0.950054552966336,F0.590961171612745,UK - United Kingdom,2015-12-22,M,1974-07-24,N
4,Iona0.294287981536498,Ison0.826191754811968,IT - Italy,2015-12-22,M,1981-08-13,N
5,Celin0.498684223052738,Tio0.597043135639238,GER - Germany,2015-12-23,F,1979-03-27,Y
6,Ad0.410135716954602,Tan0.662463855720801,GER - Germany,2015-12-23,M,1984-06-01,N
7,Ev0.291189764697797,Kh0.766529502176661,GER - Germany,2015-12-24,F,1970-11-12,Y
8,S0.892783416837388,WEN0.271074390106408,FR - France,2015-12-28,M,1991-02-28,Y
9,Chok0.637930969851357,SW0.984189910495377,FR - France,2015-04-01,,1984-02-14,Y
10,Bill0.944762168333042,W0.775201627445077,GER - Germany,2016-01-04,F,1981-06-16,N
11,N0.584326642863632,Sy0.115997440873676,IT - Italy,2015-04-01,F,1987-10-20,N
12,No0.70856472871708,Cust0.956838482156085,IT - Italy,2016-01-05,,1984-12-16,Y
13,Li0.816138101924376,C0.844976286057262,IT - Italy,2016-01-05,F,2003-03-16,N
14,Ana0.456234761724834,Muan0.860501018032884,IT - Italy,2016-01-05,M,2006-10-25,N
15,Wang0.848812851699671,Ruig0.58432545739683,GER - Germany,2016-01-06,F,1997-11-24,Y
16,Dere0.852029962983164,S0.756980561256767,GER - Germany,2016-01-07,,2000-02-02,N
17,Dexte0.0561354795233142,Ang0.128149197304773,GER - Germany,2016-01-07,F,1968-01-19,N
18,P0.323209269965169,H0.775911313433166,UK - United Kingdom,2016-01-07,F,2006-02-16,N
19,Nor0.225627275182696,Abu H0.956784609404442,FR - France,2016-01-07,,2003-07-06,Y
20,Sya0.305093914468503,Noo0.747896487965337,FR - France,2016-01-08,F,1991-04-19,N
21,Ca0.719485458346245,Almad0.854027018192807,IT - Italy,2016-01-11,M,1979-05-26,N
22,J0.160054546803774,T0.0848899490958283,FR - France,2016-01-11,F,1966-08-19,N
23,Ph0.0566166027444911,He0.271009728221944,IT - Italy,2016-01-12,F,2000-02-07,N
24,A0.482027052755165,Mo0.599676101437828,IT - Italy,2016-01-12,,1995-09-29,Y
25,Chri0.262792235981156,Lol0.823007374919268,UK - United Kingdom,2016-01-12,M,2001-06-07,Y
26,D0.950028032596865,De0.258221720977335,IT - Italy,2016-01-13,,2005-01-10,N
27,Mohd 0.246076500271009,Fad0.000838448612470399,FR - France,2016-01-13,,1981-06-04,Y
28,K0.32016897315613,Ra0.2919844052243,FR - France,2016-01-13,,1990-01-02,N
29,Uma0.992924442326397,Harj0.392705673735006,UK - United Kingdom,2016-01-14,F,1979-11-04,Y
30,Uma0.992924442326397,Harj0.392705673735006,UK - United Kingdom,2016-01-14,,1986-06-15,Y
31,R0.823815446998847,Cadan0.32944247783917,IT - Italy,2016-01-15,M,2010-04-15,Y
32,S0.280194605314208,Jusm0.413899149274186,UK - United Kingdom,2016-01-15,F,2000-11-02,Y
33,Jeann0.794383676954074,M0.959004485316025,GER - Germany,2016-01-18,M,1970-11-25,N
34,Je0.105210644555706,Ang0.128149197304773,IT - Italy,2016-01-18,M,1981-06-05,Y
35,J0.568914585823142,Lo0.652499758514574,UK - United Kingdom,2016-01-18,M,1991-06-11,N
36,V V0.144850128832147,Arulj0.461147531160988,GER - Germany,2016-01-18,F,1983-04-23,Y
37,Ce0.204374208618756,A0.00175051415988614,IT - Italy,2016-01-19,F,1970-08-18,N
38,L0.92453871269312,Li0.607767472650944,GER - Germany,2015-04-02,F,1970-06-20,N
39,Suja0.633538618469602,Su0.437591733942547,GER - Germany,2016-01-20,M,2004-08-17,Y
40,Arua0.96404342122168,Abdul0.44111494762605,FR - France,2016-01-20,,1977-07-18,N
41,Siv0.0761083034208156,Man0.831813401609777,GER - Germany,2015-04-02,F,1968-10-10,N
42,Idia0.0837510505083859,Ali0.0457061068088277,GER - Germany,2016-01-21,,1999-06-03,N
43,Jann0.718621382110817,De G0.552809006474718,IT - Italy,2015-04-06,F,2006-12-20,N
44,Moh0.478682882191102,Zulhi0.382724805455352,FR - France,2016-01-22,F,2003-01-11,N
45,Oma0.229040869332894,Abd 0.50366098110848,FR - France,2016-01-22,M,1980-05-03,Y
46,Sy0.621039016393197,Nass0.310156214713561,GER - Germany,2015-04-06,F,1991-05-25,N
47,Lee0.643852186379299,Chen0.632615248572152,GER - Germany,2016-01-25,M,1989-09-26,N
48,Eldr0.889751907971947,R0.151976991551179,GER - Germany,2016-01-26,F,1971-03-23,Y
49,Hazi0.38562260627276,Zau0.0230941974009324,FR - France,2016-01-27,M,1967-01-12,Y
50,Cat0.177977835116668,Ong0.332374624629349,GER - Germany,2016-01-27,M,1969-10-14,Y
51,W0.219260171651941,D0.276189756001205,IT - Italy,2015-04-06,,1971-04-21,Y
52,F0.149080752131795,Abal0.184208953153045,IT - Italy,2016-01-29,,1999-11-16,Y
53,Ferd0.840392903639958,V0.115545090187464,IT - Italy,2015-04-06,F,1966-05-07,N
54,R0.644598442748862,Daba0.657874713650058,IT - Italy,2015-04-06,F,1972-06-04,Y
55,Juan0.444045049424757,Ja0.00250378038845445,IT - Italy,2015-04-06,F,1999-06-07,N
56,Ke0.0970211287886591,Lie0.704766923797848,GER - Germany,2016-02-01,,1992-04-09,Y
57,Var0.0876970591979241,Bhan0.0592432181453122,GER - Germany,2016-02-02,F,1966-01-14,N
58,Radh0.923127493422596,H0.222192597358289,FR - France,2016-02-02,,2003-06-24,Y
59,D0.950028032596865,De0.258221720977335,IT - Italy,2016-02-04,,1983-01-20,Y
60,TR0.21733997017155,t0.000302558074858461,UK - United Kingdom,2016-02-04,F,1996-01-21,Y
61,SS0.173796268225752,M0.957469592549505,GER - Germany,2016-02-05,M,1984-05-16,N
62,Sum0.237127484933867,Kon0.483043243017932,FR - France,2015-04-07,M,2000-12-15,Y
63,E0.251914614764372,Malab0.115273584994842,IT - Italy,2016-02-10,M,2005-04-03,Y
64,D0.950028032596865,De0.258221720977335,IT - Italy,2016-02-10,,1980-04-18,Y
65,Po0.936179419589494,Jai0.896513572379432,GER - Germany,2016-02-11,,1992-02-14,N
66,E0.251914614764372,J0.549100924061478,IT - Italy,2016-02-12,M,2009-02-12,Y
67,E0.680242520362592,Yap0.789013636728301,FR - France,2016-02-12,M,2003-02-23,N
68,Arth0.349612678677632,Tan0.662463855720801,GER - Germany,2016-02-12,M,1999-11-08,Y
69,T0.751548800337419,Po0.471859316308772,FR - France,2016-02-12,,1973-09-22,N
70,Chri0.262792235981156,Pra0.312188652293051,UK - United Kingdom,2016-02-12,M,1978-09-29,N
71,Dori0.651764637216485,Mo0.72630096838117,FR - France,2016-02-15,,1986-11-17,N
72,H0.837945831819166,Tee0.911183991083086,FR - France,2016-02-16,,2004-12-05,Y
73,S0.610700727786202,H0.0567926355312666,GER - Germany,2016-02-17,,1968-02-14,Y
74,Jon0.98318817983107,Ba0.31835388860688,IT - Italy,2016-02-18,F,1990-05-22,N
75,R0.3194530920896,P0.719484341925099,FR - France,2016-02-22,M,1994-10-25,N
76,Boo0.966036470375133,S0.656943066923471,GER - Germany,2016-02-22,M,1977-04-23,Y
77,Em0.0315858979051229,Ga0.280268208764046,IT - Italy,2016-02-23,,1999-10-27,Y
78,S0.0459318526411299,Sus0.413853592780084,FR - France,2016-02-25,,1992-03-17,Y
79,Vito0.473767776920563,Ch0.541612997227045,GER - Germany,2016-02-26,,2005-12-16,Y
80,Dyan0.0753509180094312,Yan0.118798961039949,IT - Italy,2016-02-26,F,1967-07-12,N
81,M0.708365351810405,B0.365610758629277,FR - France,2016-02-26,F,2010-08-29,Y
82,Shai0.635804693864282,Abe0.178735249518371,IT - Italy,2015-04-08,F,1991-07-06,N
83,Nor0.654492807594069,Aed0.736415380862133,FR - France,2016-02-29,F,1980-11-20,Y
84,Fre0.0399585033127277,Gell0.476920335941667,IT - Italy,2015-04-08,M,1972-10-02,N
85,Benj0.571255042601124,Q0.0769711049060214,GER - Germany,2016-03-01,M,1993-11-17,Y
86,H0.111060503131326,Peg0.43325601642803,FR - France,2016-03-01,F,1997-09-11,N
87,Don0.295275463958166,Lagma0.853266430099858,IT - Italy,2015-04-08,,1983-09-14,Y
88,Chee0.783703722029993,Di0.750735719050267,IT - Italy,2015-04-08,F,1981-08-18,N
89,R0.90690897940996,Wati0.500333185769678,FR - France,2016-03-02,M,1996-08-04,Y
90,Renu0.371801959158414,Arum0.602335766659887,GER - Germany,2016-03-02,F,1971-04-15,Y
91,Chen 0.868259804594092,L0.104646531512644,FR - France,2016-03-03,F,1974-02-20,N
92,Gin0.374422605727359,Tai0.841375001009667,GER - Germany,2016-03-04,F,1999-12-29,Y
93,Hui0.779255774567366,Loc0.327988971912919,GER - Germany,2016-03-07,F,1990-09-16,N
94,Poh 0.0560150636508545,Chong0.0270662213414498,GER - Germany,2016-03-08,F,1969-10-26,Y
95,Davi0.517840434497972,Budiy0.248876697461679,UK - United Kingdom,2016-03-09,F,1967-05-01,N
96,Lo0.0825472494983946,L0.311354105358557,FR - France,2016-03-09,F,2001-10-05,Y
97,Ken0.898191937642296,Y0.834776378193944,FR - France,2016-03-10,M,2001-01-05,N
98,An0.949200662426156,Anes0.408526733346012,GER - Germany,2016-03-10,M,1970-03-07,N
99,S0.926405611473182,L0.289615493217618,GER - Germany,2016-03-11,M,2008-11-11,N
100,Cla0.364683776834374,Cruz0.493143180027335,IT - Italy,2016-03-16,M,1991-03-13,Y
101,Pr0.565199250502483,Bana0.192086378312589,IT - Italy,2016-03-17,M,2002-12-01,N
102,T0.246839493066474,J0.670877886522423,IT - Italy,2016-03-17,,1984-10-25,Y
103,Ann0.719216593513293,Vam0.106794483979939,GER - Germany,2016-03-18,F,2009-12-02,Y
104,Muha0.00774308391308265,Chau0.94417270956675,FR - France,2016-03-18,F,1968-09-26,Y
105,Ap0.494431098769143,M0.344151738947981,UK - United Kingdom,2016-03-21,M,1993-01-18,N
106,Xing0.325721670148887,Ong0.332374624629349,GER - Germany,2016-03-21,F,1993-06-02,Y
107,U0.276752998060789,Ng0.753960335680345,FR - France,2016-03-22,F,1989-07-11,N
108,Ch0.237920427031177,Loh0.791222685855633,FR - France,2016-03-22,M,1967-07-25,N
109,J0.855646496424537,W0.775201627445077,GER - Germany,2016-03-22,M,1988-07-10,Y
110,Ja0.713566696348558,Y0.88369497014745,FR - France,2016-03-22,M,1988-12-10,N
111,Erwin0.85102773190189,To0.651722719544374,IT - Italy,2016-03-22,M,1966-03-15,Y
112,M0.905819310421999,N0.116489132130425,FR - France,2016-03-23,,1995-05-24,N
113,Mr0.592906730449592,Tan0.662463855720801,GER - Germany,2015-04-10,,1965-09-17,Y
114,Celin0.498684223052738,Drie0.584238912021378,GER - Germany,2016-03-28,F,1989-03-18,Y
115,Heyve0.91330060337671,Fu0.528640434372678,IT - Italy,2016-03-29,,1997-12-24,N
116,Zai0.595706337632304,Abid0.295910917248143,FR - France,2016-03-31,M,1989-09-04,N
117,Greng0.766350302696368,Moral0.477384661388323,IT - Italy,2016-03-31,M,1984-11-26,Y
118,M0.905819310421999,N0.116489132130425,FR - France,2016-03-31,,1997-01-26,Y
119,Moham0.29322804887907,Ra0.0829396746677095,GER - Germany,2016-04-01,M,1969-04-05,N
120,BS0.111073979637015,Yeh0.236761325704009,GER - Germany,2016-04-01,M,2003-03-06,Y
121,Mark0.175867414305624,Co0.711854763406318,IT - Italy,2016-04-04,M,2002-02-08,N
122,Viann0.361027239251335,Thon0.10324190909523,GER - Germany,2016-04-04,M,1983-09-05,N
123,T0.0935959278921034,Oi0.0418616014049427,FR - France,2016-04-06,M,2000-10-18,Y
124,Min0.727133932239824,W0.775201627445077,GER - Germany,2016-04-06,,2009-06-07,N
125,Asia0.763499421598121,Chan0.727240905288105,IT - Italy,2016-04-06,,1988-09-28,Y
126,Test0.619791443082027,Test0.390581071558474,GER - Germany,2015-03-02,M,2010-04-25,N
127,Sunny0.250736635890978,Singh0.61966184429354,UK - United Kingdom,2016-04-11,F,1991-09-02,Y
128,J0.00419522710091602,Mural0.50237221956704,GER - Germany,2016-04-12,,1983-07-01,N
129,Sylvi0.297592802683295,Chan0.727240905288105,FR - France,2015-04-14,,1983-03-16,Y
130,Ke0.79153006295884,Lim0.185633050851678,FR - France,2016-04-12,,1985-02-14,N
131,Myrie0.394072696931545,Toc0.570244165427107,IT - Italy,2016-04-12,,1997-05-06,N
132,Za0.264090165288088,Moham0.0462860464259738,FR - France,2016-04-13,M,2000-06-15,Y
133,Nor0.926517211455672,Bo0.842334985898182,FR - France,2016-04-14,F,1998-10-15,Y
134,Joan0.803102148706192,W0.329536336973779,GER - Germany,2016-04-14,,1995-07-14,N
135,Moe0.689431117605737,Kyaw0.838254317242562,GER - Germany,2016-04-15,M,1997-04-04,Y
136,S0.68675136710534,Lim0.185633050851678,GER - Germany,2016-04-15,,1983-05-28,Y
137,L0.92453871269312,Olip0.586740003675797,IT - Italy,2016-04-18,F,1965-01-20,N
138,Munir0.543714510685389,Bah0.327151211426037,FR - France,2016-04-18,,1997-01-04,N
139,Y0.522732465639696,Zh0.559146969588539,GER - Germany,2016-04-18,M,1977-11-06,Y
140,Benj0.571255042601124,Ng0.753960335680345,GER - Germany,2015-04-15,F,1993-07-12,N
141,Jo0.567101387255942,Dizer0.42268068602925,IT - Italy,2015-03-09,M,1972-07-29,Y
142,t0.887532593675921,te0.450048410445967,GER - Germany,2015-11-01,M,1981-03-01,N
143,Fran0.888941607603163,Mi0.758622896871541,UK - United Kingdom,2016-04-21,F,1977-03-28,Y
144,Ric0.12434077974775,Tamo0.747855032136146,IT - Italy,2015-03-09,M,1993-02-26,N
145,Lady0.490721909998519,D0.694988151905031,GER - Germany,2016-04-22,F,1969-01-16,N
146,Arie0.385168815228304,Set0.99190709918135,UK - United Kingdom,2016-04-22,,1988-04-07,N
147,Tay M0.624172327094571,W0.0803040957917238,FR - France,2016-04-22,,1996-12-23,N
148,Effen0.462765445357422,Wira0.171953849880869,UK - United Kingdom,2016-04-25,F,1992-09-27,N
149,Zanie0.408531992458524,K0.656478865063565,IT - Italy,2016-04-25,,1983-03-13,Y
150,Debor0.34334659371696,Deb0.463872518605751,GER - Germany,2016-04-26,M,1990-01-15,N
151,Nor0.898117028043004,Oyen0.25710613876088,IT - Italy,2015-03-09,,1995-08-27,Y
152,Iri0.968676870743935,Sal0.665809544921122,IT - Italy,2015-03-09,M,1976-04-01,N
153,Jean0.233655309809523,Ang0.128149197304773,FR - France,2015-04-16,,1974-09-27,Y
154,Ch0.81226495498516,Lo0.214781069325519,FR - France,2015-04-16,F,1986-12-23,Y
155,S0.923679049547204,W0.0803040957917238,FR - France,2015-04-16,,1978-01-12,Y
156,SARIN0.661833023129508,HAS0.742703282046466,FR - France,2015-04-16,F,1999-12-24,Y
157,YUH 0.936059001622759,H0.18251437449923,FR - France,2015-04-16,F,1969-01-25,Y
158,Cat0.177977835116668,Tan0.662463855720801,GER - Germany,2016-04-27,M,2010-07-27,N
159,L0.989737072633683,Enday0.595405298269278,IT - Italy,2015-04-16,,1986-07-08,N
160,Ra0.654088173823888,H0.18251437449923,FR - France,2016-04-27,,1999-12-05,Y
161,Ju0.0689530575934519,S0.0974191067432206,IT - Italy,2015-04-16,F,1979-04-22,Y
162,Sop0.420749162993465,A0.675472525815267,FR - France,2015-04-16,,1982-10-25,Y
163,Jimmy0.782411792439958,Ri0.440484386090694,IT - Italy,2016-04-28,,1978-05-13,N
164,Bong0.664269977536141,Had0.0567484153126435,IT - Italy,2016-04-28,,2008-02-15,Y
165,Marvi0.0436798281897413,Pizar0.224741565019003,IT - Italy,2015-03-10,M,1980-06-11,N
166,Fern0.180060029060372,Medin0.634042769916507,IT - Italy,2016-05-03,F,1976-12-11,Y
167,Y0.694526245425698,Pur0.889218979929135,UK - United Kingdom,2015-04-16,M,1972-03-23,Y
168,Ram0.653308530677119,Co0.622648425601321,IT - Italy,2015-03-10,,2005-12-23,Y
169,Eri0.355807972430302,Lim0.185633050851678,FR - France,2016-05-04,M,2007-04-28,N
170,Fa0.379316667979345,M0.165596081234709,FR - France,2016-05-05,,2007-02-25,Y
171,Rad0.263945067414972,Singh0.61966184429354,GER - Germany,2016-05-05,F,1983-04-06,Y
172,Kath0.723617856439127,Tan0.662463855720801,FR - France,2016-05-05,,1983-08-02,Y
173,Eri0.355807972430302,Lim0.185633050851678,FR - France,2016-05-05,M,1989-11-07,Y
174,Sebas0.193409411438901,Mar0.803668699456616,UK - United Kingdom,2016-05-09,F,2003-11-18,Y
175,Sun0.348310672180019,Cho0.148362855059041,UK - United Kingdom,2016-05-10,,2008-11-03,Y
176,H0.831344652904412,S0.983454353631673,UK - United Kingdom,2016-05-10,F,1965-03-12,N
177,Lyvia0.584020971073838,Kh0.766529502176661,FR - France,2016-05-11,,2010-11-27,N
178,Mr. 0.0857018872242584,Pal0.680699261397053,IT - Italy,2015-04-20,F,1973-12-12,N
179,Mr. K0.307030165010391,Re0.991971546843845,FR - France,2015-04-20,M,1981-01-04,N
180,Mia0.899130524577226,A0.776992684477354,IT - Italy,2016-05-12,F,1966-06-15,N
181,Mic0.549094726985715,Pa0.310731103925049,IT - Italy,2015-04-20,,1976-06-22,Y
182,Maxen0.858206562657671,Ong0.332374624629349,IT - Italy,2016-05-13,F,1993-09-29,Y
183,MJ0.582988843706287,Arao0.82605343690052,IT - Italy,2015-03-11,M,1966-01-05,Y
184,Ar0.983156360033471,Rob0.62653524620112,IT - Italy,2015-03-11,F,1998-10-01,Y
185,Kyl0.395663953129885,Lim0.185633050851678,FR - France,2016-05-16,M,1969-06-25,Y
186,He0.936026327871086,Chen0.730908279838007,UK - United Kingdom,2016-05-18,,1998-12-13,N
187,Sa0.0968096987492038,Ca0.514110033082809,IT - Italy,2015-03-11,F,1995-09-15,N
188,Zufi0.783166700169605,M0.165596081234709,FR - France,2016-05-19,M,1996-10-08,Y
189,Hui0.955352532475053,Jua0.61533349180126,GER - Germany,2016-05-19,F,1998-01-11,Y
190,Hui0.955352532475053,J0.496770063638712,GER - Germany,2016-05-20,M,1999-07-25,Y
191,Zufi0.783166700169605,M0.165596081234709,FR - France,2016-05-20,F,1969-08-21,Y
192,Wong0.810790234168482,A0.975737085374267,GER - Germany,2016-05-20,,1993-07-20,N
193,Ker0.253084597702031,Co0.711854763406318,IT - Italy,2015-03-11,,1971-06-05,Y
194,Joan0.763117653219514,Mal0.364224702968944,UK - United Kingdom,2015-04-21,,1974-01-11,N
195,Had0.724651186958294,W0.00101597070277404,UK - United Kingdom,2016-05-23,M,2007-09-02,Y
196,R0.644598442748862,Pay0.5879337913752,IT - Italy,2015-03-11,F,1972-06-11,Y
197,Te0.376409790165951,Ooi0.679136891606665,FR - France,2016-05-25,F,1969-01-07,N
198,Jeane0.0616080877516783,Wonok0.173576938485585,UK - United Kingdom,2016-05-25,M,1999-07-16,N
199,Lo0.844161260986557,Bauti0.80287986247552,IT - Italy,2016-05-26,M,1994-07-24,N
200,Josie0.191023612457208,Suli0.170935219923388,IT - Italy,2016-05-26,M,1978-01-14,N
201,Glady0.446695139688294,Go0.903752678742211,IT - Italy,2016-05-26,,1995-07-14,Y
202,T0.569039990100325,Twee0.0550826791503999,GER - Germany,2016-05-26,,2008-05-01,N
203,Gr0.64472709487717,Chu0.306978358145085,IT - Italy,2015-03-11,M,1985-07-15,Y
204,J0.167623099351821,V0.439832459143598,IT - Italy,2016-05-27,F,1998-09-08,Y
205,Game0.0759807869153497,Th0.476931960430781,FR - France,2016-05-30,M,1983-06-10,N
206,Reme0.788049659450378,Masi0.0816693804699627,IT - Italy,2015-03-11,F,1997-03-10,Y
207,Ger0.56336553110969,Chu0.722654062648687,IT - Italy,2016-05-30,,1983-01-08,Y
208,Ire0.494638290488119,C0.904031452999789,IT - Italy,2016-05-30,M,1988-04-20,Y
209,S0.602650502988547,Ha0.587228259251012,FR - France,2016-05-31,,2004-06-13,N
210,Hel0.431822429959466,Ramir0.507599413750235,IT - Italy,2016-05-31,M,1968-04-07,Y
211,Mich0.840971087678423,Aber0.398531701070212,IT - Italy,2015-03-11,F,1989-05-05,Y
212,R0.485113301937092,Di0.695095165767531,UK - United Kingdom,2016-06-01,M,1966-11-19,Y
213,Ngad0.249019579265392,Ngad0.799391667231705,UK - United Kingdom,2016-06-01,F,1982-06-14,Y
214,Le0.972256660755116,-0.793095850214827,FR - France,2016-06-01,F,1967-04-14,Y
215,Hen0.355561714373981,T0.0682195744481245,UK - United Kingdom,2016-06-01,,1995-08-12,N
216,Mar0.415084540834882,Domen0.609038525941442,GER - Germany,2016-06-02,F,1994-08-05,Y
217,Low0.694550601655666,-0.793095850214827,FR - France,2016-06-02,,1991-05-23,N
218,You0.513191092412527,Sh0.693716979723066,FR - France,2016-06-02,M,1991-05-17,N
219,Max0.265085997027976,L0.104646531512644,FR - France,2016-06-02,M,1997-10-19,Y
220,Vince0.78241795130866,Tan0.662463855720801,FR - France,2016-06-02,F,2003-03-08,N
221,Pa0.793373163869536,Lim0.185633050851678,FR - France,2016-06-02,M,2003-07-15,Y
222,R0.644598442748862,KU0.427178282889728,FR - France,2016-06-02,M,1974-05-01,N
223,Mahm0.806841812820085,Zulki0.744607780177088,FR - France,2016-06-02,M,2002-08-14,Y
224,Hen0.643363255282557,Chong0.0270662213414498,FR - France,2016-06-02,F,1993-08-07,Y
225,B0.47099750092135,Lim0.185633050851678,FR - France,2016-06-02,,1983-11-20,N
226,St0.55339238137759,Ng0.753960335680345,FR - France,2016-06-02,,1974-12-03,N
227,Lim0.438479949663823,Hai H0.388714862622629,FR - France,2016-06-02,F,1995-12-25,N
228,Yu0.253025903544744,A0.487198513062857,FR - France,2016-06-02,F,2005-02-21,Y
229,Caro0.615832603919648,Y0.834776378193944,FR - France,2016-06-02,M,1999-09-05,N
230,L0.910801333279466,L0.104646531512644,FR - France,2016-06-02,,1980-08-01,N
231,Eun0.571091959012614,L0.104646531512644,FR - France,2016-06-02,M,1966-10-02,N
232,Ra0.125211786524719,Din0.750796466182536,FR - France,2016-06-02,,1981-10-02,Y
233,Vince0.78241795130866,Cho0.755116752376421,FR - France,2016-06-02,M,1970-02-08,Y
234,V0.296680287495188,Han0.950205996775814,FR - France,2016-06-02,M,1989-06-16,N
235,Davi0.517840434497972,Chia0.705892470611562,FR - France,2016-06-02,F,1970-02-14,N
236,Haz0.00764028013530615,Isa0.999512218998231,FR - France,2016-06-02,F,2003-08-15,Y
237,B0.106989282878803,Cho0.755116752376421,FR - France,2016-06-02,M,1979-08-05,Y
238,Ms0.57460246590252,Foo0.430048689006171,FR - France,2016-06-02,M,2007-04-01,N
239,Salwa0.00719561948986469,Hasan0.839683709560147,FR - France,2016-06-02,F,2003-06-08,N
240,Mich0.840971087678423,Herm0.0551046097836213,FR - France,2016-06-02,,1994-09-07,Y
241,Lawr0.856518076032938,Ng0.753960335680345,FR - France,2016-06-02,M,1995-05-26,Y
242,Joe0.551788380130133,Ng0.753960335680345,FR - France,2016-06-02,F,1987-04-01,Y
243,Koay0.997355226881906,Wei H0.956781207591192,FR - France,2016-06-02,,1991-11-23,N
244,Jun0.915837994901778,Juli0.0465546592564279,FR - France,2016-06-02,F,1980-09-20,Y
245,Jack0.0677517824800963,S0.693832999672615,FR - France,2016-06-02,,1965-05-05,Y
246,Gwe0.881196182588715,Guan 0.317930943543136,FR - France,2016-06-02,F,1984-10-08,N
247,YC0.07419948431004,Ngia0.694827222067096,FR - France,2016-06-02,F,2003-07-27,N
248,KC0.22514537907557,Tan0.662463855720801,FR - France,2016-06-02,M,1976-06-11,Y
249,Ch0.24058787590136,C0.38270072435195,FR - France,2016-06-02,F,2000-08-06,Y
250,Ch0.436046005677086,Li0.564899858421366,FR - France,2016-06-02,M,1975-10-08,Y
251,Hi0.0362218101059784,B0.303050063017529,FR - France,2016-06-02,M,2010-11-20,N
252,Monic0.104434484055647,L0.104646531512644,FR - France,2016-06-02,F,1988-11-21,Y
253,Lau0.575996367418657,So0.471333756298378,FR - France,2016-06-02,M,1968-12-08,N
254,Beh0.389486952703514,Lim0.185633050851678,FR - France,2016-06-02,F,2003-10-27,Y
255,Davi0.517840434497972,Picto0.897927378627103,FR - France,2016-06-02,,1987-07-16,N
256,Vince0.78241795130866,Tan0.662463855720801,FR - France,2016-06-02,F,1967-05-09,Y
257,Ke0.639844469747141,Ang0.128149197304773,FR - France,2016-06-02,M,1999-01-23,N
258,YS0.722933239396374,Y0.748969118135783,FR - France,2016-06-02,,1978-11-02,N
259,Racha0.515234691897708,Tai0.841375001009667,FR - France,2016-06-02,F,1974-06-29,N
260,S0.103726887737665,Sa0.96779072628109,FR - France,2016-06-02,,1973-05-04,Y
261,S0.137003895035928,Chang0.161981519433985,FR - France,2016-06-02,M,1981-05-07,Y
262,Ja0.64423582176929,W0.775201627445077,FR - France,2016-06-02,,1986-01-04,N
263,Ire0.494638290488119,W0.775201627445077,FR - France,2016-06-02,F,1965-02-01,N
264,S0.227115008960493,Am0.244143483242146,FR - France,2016-06-02,F,1984-05-19,N
265,Chr0.121619132258721,Chong0.0270662213414498,FR - France,2016-06-02,F,1969-09-04,Y
266,Ke0.348258040995125,Y0.88369497014745,FR - France,2016-06-02,,1981-10-17,Y
267,Fa0.0372470829935535,Low0.870500054610635,FR - France,2016-06-02,M,1966-11-01,Y
268,Kenn0.696494405500433,K0.44446911674222,FR - France,2016-06-02,F,2007-01-29,N
269,Ms0.57460246590252,Le0.59279128533981,FR - France,2016-06-02,,1990-11-02,Y
270,Ben0.860379439109261,Ewe0.178539530241361,FR - France,2016-06-02,M,2005-04-13,N
271,Joo0.149144230054524,L0.685484727350135,FR - France,2016-06-02,F,1989-07-08,N
272,Soon0.582077710618603,Y0.88369497014745,FR - France,2016-06-02,F,1986-07-15,N
273,Mr0.0886085403634447,Tan0.662463855720801,FR - France,2016-06-02,F,1982-10-14,N
274,Wa0.438187954874426,F0.594702192299067,FR - France,2016-06-02,F,1986-10-11,Y
275,Jes0.202814742842894,Jessi0.142294615306007,FR - France,2016-06-02,,1972-04-18,Y
276,Si0.850441241716096,Ken H0.012658023952535,FR - France,2016-06-02,F,1989-09-29,Y
277,Sam0.472911062541692,Lok0.566905780078188,FR - France,2016-06-02,M,2006-04-26,N
278,Yap0.735707148502177,L0.283753232462024,FR - France,2016-06-02,M,1999-11-07,N
279,Th0.182150816772445,Ya0.921133908847186,FR - France,2016-06-02,,2005-06-05,N
280,Poh0.421526553173381,C0.645496410668338,FR - France,2016-06-02,,1985-01-13,Y
281,Ben0.584513279296441,Ooi0.679136891606665,FR - France,2016-06-02,F,2005-07-12,Y
282,Mr0.0886085403634447,Erw0.499433109904891,FR - France,2016-06-02,F,1997-05-14,Y
283,Br0.211536486591651,Tan0.662463855720801,FR - France,2016-06-02,F,2004-10-25,N
284,Mano0.489172373428346,Haran0.244652659240224,FR - France,2016-06-02,,1970-12-16,Y
285,TS0.170058293940258,L0.104646531512644,FR - France,2016-06-02,F,2009-10-17,N
286,Kia0.423858586284988,Ee0.129954437943003,FR - France,2016-06-02,M,2001-02-27,N
287,SH0.524034562943823,Tay0.692175919031291,FR - France,2016-06-02,M,1995-03-11,Y
288,Wen0.776450494260289,Chu0.306978358145085,FR - France,2016-06-02,,2008-03-01,Y
289,C0.715247258072286,S0.0974191067432206,FR - France,2016-06-02,,1992-10-17,Y
290,Lau0.575996367418657,Ki0.0241011003285172,FR - France,2016-06-02,,1971-08-03,N
291,Za0.283329152321098,Yaak0.661617349180878,FR - France,2016-06-02,,1981-06-07,Y
292,Wan0.549183519375514,Moha0.919006143664824,FR - France,2016-06-02,F,1999-06-19,Y
293,We0.653719760059603,Kh0.415454678093485,FR - France,2016-06-02,,1972-07-21,N
294,Mr0.0886085403634447,Lim0.185633050851678,FR - France,2016-06-02,M,1980-06-08,N
295,Racha0.515234691897708,Tan0.662463855720801,FR - France,2016-06-02,M,1984-02-03,N
296,Chew 0.107489501802437,Yan0.627577035895079,FR - France,2016-06-02,F,1998-09-03,N
297,KW0.905715853934107,L0.289615493217618,FR - France,2016-06-02,F,1987-12-05,N
298,Ms0.57460246590252,Ja0.508164225276453,FR - France,2016-06-02,F,2004-11-05,Y
299,Brun0.496527167430611,Na0.134923886411974,FR - France,2016-06-02,F,1994-01-03,N
300,S0.60068542291221,Low0.870500054610635,FR - France,2016-06-02,M,1976-12-16,N
301,Jacly0.966010411093067,Lim0.185633050851678,FR - France,2016-06-02,,2008-11-12,N
302,Levin0.574663472499575,Ong0.332374624629349,FR - France,2016-06-02,,1977-08-19,Y
303,CL0.201482364029448,Tan0.662463855720801,FR - France,2016-06-02,M,2008-10-02,Y
304,Ms0.57460246590252,Ca0.0334090970125224,FR - France,2016-06-02,,1973-08-13,Y
305,Hani0.0309555950053024,Tan0.662463855720801,FR - France,2016-06-02,F,1966-01-24,Y
306,Mer0.23378165217764,Chang0.161981519433985,FR - France,2016-06-02,,1967-09-15,Y
307,Moh0.478682882191102,Khair0.475794987205303,FR - France,2016-06-02,,1989-05-04,Y
308,Yvon0.123331623956968,Chong0.0270662213414498,FR - France,2016-06-02,M,1985-11-21,N
309,Cat0.177977835116668,Th0.756881498663015,FR - France,2016-06-02,F,2007-01-20,Y
310,Ms0.57460246590252,Ong0.332374624629349,FR - France,2016-06-02,,1981-01-03,Y
311,Soon0.582077710618603,HOE C0.749563329306171,FR - France,2016-06-02,F,1977-07-14,Y
312,Ja0.817433856293241,P0.490430238612278,FR - France,2016-06-02,F,1982-08-09,N
313,Ramam0.174517937514889,Ram0.593887594740172,FR - France,2016-06-02,,1982-11-29,Y
314,Shaw0.513408028120738,Fer0.159263437379909,FR - France,2016-06-02,F,1994-05-20,Y
315,Syafi0.218491635306739,Abdul0.44111494762605,FR - France,2016-06-02,M,2009-11-02,Y
316,Lee0.643852186379299,Lin0.273677572084062,FR - France,2016-06-02,,1995-01-28,Y
317,Ja0.64423582176929,T0.599869760043873,FR - France,2016-06-02,M,1989-01-28,Y
318,Zoon0.134657713080863,Heo0.644064510491359,FR - France,2016-06-02,F,1998-06-15,Y
319,D0.100009816766175,H0.18251437449923,FR - France,2016-06-02,M,2009-09-21,Y
320,Dasit0.847164092170744,S0.181040382622357,FR - France,2016-06-02,,2004-04-14,N
321,Sunny0.250736635890978,Lim0.185633050851678,FR - France,2016-06-02,M,1978-12-08,Y
322,Per0.821877096628182,Phu0.452717391546155,FR - France,2016-06-02,M,1988-08-10,N
323,Vijay0.443567419578489,Jeyab0.881357028595321,FR - France,2016-06-02,F,2000-04-26,Y
324,Lee0.643852186379299,Kok0.608004967512739,FR - France,2016-06-02,M,1982-01-29,N
325,Pak 0.49919383073222,Y0.88369497014745,FR - France,2016-06-02,M,1985-08-17,Y
326,J0.747654978440668,Chi0.0510058242941824,GER - Germany,2016-06-03,,2001-09-01,N
327,Pr0.509649175300494,Ag0.750691319296724,IT - Italy,2016-06-03,M,1982-01-03,N
328,t0.616324548404312,Test0.390581071558474,GER - Germany,2015-03-11,,2006-05-09,Y
329,Mr.0.685600229572092,Aid0.853297469191783,FR - France,2015-04-28,,2002-03-04,N
330,Ms0.305773355989621,Goh0.375737577987716,FR - France,2015-04-28,F,1965-05-24,N
331,Li0.0352895900746028,Sin0.3983639450975,UK - United Kingdom,2016-06-07,M,1979-08-25,Y
332,Wend0.537922693668412,T0.45372409273142,IT - Italy,2016-06-08,F,1995-01-05,N
333,E0.841179220247542,E0.981249881505118,UK - United Kingdom,2016-06-08,F,2009-01-20,Y
334,Ri0.774191372986944,G0.624451741142983,UK - United Kingdom,2016-06-08,F,1987-01-29,Y
335,Ja0.106762002871871,-0.793095850214827,FR - France,2016-06-08,M,1997-12-05,N
336,Te0.213974480874175,Su0.508999627268928,UK - United Kingdom,2016-06-08,M,2009-12-07,Y
337,Fenny0.169728510075697,S0.488413679842458,UK - United Kingdom,2016-06-08,,1974-08-04,N
338,H0.790922971398608,-0.793095850214827,UK - United Kingdom,2016-06-08,,1997-04-01,N
339,Jenni0.325373578504323,C0.933188436922331,FR - France,2016-06-09,M,1971-08-23,Y
340,M0.656152644912116,Ch0.665778918181917,IT - Italy,2016-06-09,M,1991-06-09,N
341,Na0.380986842886384,-0.793095850214827,FR - France,2016-06-09,F,1989-09-23,N
342,Ri0.685198933338157,Rid0.941119650041956,UK - United Kingdom,2016-06-09,F,1970-02-05,Y
343,Mr. R0.505747002378581,Lim0.185633050851678,GER - Germany,2015-04-29,M,2009-04-13,Y
344,Mar0.730468655358244,D0.507839767395338,GER - Germany,2015-04-29,F,1978-01-06,N
345,Tr0.784244722207006,Y0.986234220156317,GER - Germany,2015-04-29,,1980-11-21,Y
346,Ms. J0.650393305714539,Dav0.528724909243453,UK - United Kingdom,2015-04-29,,1984-05-25,N
347,Re0.0914668764153472,Ah0.627839556232405,FR - France,2015-04-29,,1976-10-25,N
348,Hiely0.976095991675736,Fer0.159263437379909,IT - Italy,2016-06-10,,1966-11-09,N
349,Emi0.130283870899139,Rod0.449562740199462,IT - Italy,2016-06-10,M,2000-02-14,Y
350,N0.331190864208423,Vea0.200797767365464,IT - Italy,2016-06-10,M,1972-04-21,Y
351,S0.56007061213831,Escal0.222614493445177,IT - Italy,2016-06-10,,1991-09-23,N
352,Manel0.253765138879276,Ja0.236260107253188,IT - Italy,2016-06-10,,1971-12-24,N
353,Le0.662009716234969,Ch0.546519502591008,IT - Italy,2016-06-10,F,1977-05-29,Y
354,D0.354777742707234,Zen0.354903502158431,GER - Germany,2016-06-10,,1984-10-03,N
355,Laur0.287130077297227,Li0.564899858421366,GER - Germany,2016-06-10,F,1981-06-12,Y
356,Lo0.474400371570806,Ka0.12967310917877,GER - Germany,2016-06-10,M,1978-09-24,N
357,Pron0.96514703514972,Pro0.485889439759431,UK - United Kingdom,2016-06-10,,1982-08-07,N
358,Ma0.410107774914459,C0.933188436922331,FR - France,2016-06-10,F,1997-11-12,Y
359,Kog0.526397693831476,Y0.838872096787289,GER - Germany,2016-06-10,,1965-02-13,N
360,J0.802038486869947,He0.931051522941877,GER - Germany,2016-06-10,,2009-06-19,Y
361,Val0.933454084546729,Tan0.662463855720801,GER - Germany,2016-06-10,,2001-09-07,Y
362,Iri0.968676870743935,Lim0.185633050851678,GER - Germany,2016-06-10,F,1988-03-25,Y
363,F0.296883305561579,Sit0.792403979959118,GER - Germany,2016-06-10,M,1994-03-09,N
364,Jill0.730025765998812,Ong0.332374624629349,GER - Germany,2016-06-10,M,1998-05-09,Y
365,N0.0616205217272878,D0.418565382023577,IT - Italy,2015-03-12,F,1973-09-05,Y
366,Ev0.291189764697797,Lai0.314136496682043,GER - Germany,2016-06-10,,1982-08-13,N
367,Max0.265085997027976,Kh0.766529502176661,GER - Germany,2016-06-10,M,2006-08-26,N
368,Da0.461458214517839,Ng0.753960335680345,GER - Germany,2016-06-10,M,1979-12-17,Y
369,P0.312147683656645,Mok0.675534848963874,GER - Germany,2016-06-10,F,1981-10-22,Y
370,Fah0.0768701829649568,M0.384251399399103,UK - United Kingdom,2016-06-13,M,1994-11-23,N
371,Fa0.847211862102601,-0.793095850214827,FR - France,2016-06-14,F,1975-02-03,N
372,Kha0.825121839735049,-0.793095850214827,FR - France,2016-06-14,F,2009-04-03,N
373,Kha0.825121839735049,-0.793095850214827,FR - France,2016-06-14,F,1991-01-01,N
374,Jeff0.0307144926690592,Loh0.791222685855633,FR - France,2016-06-14,M,1970-04-07,Y
375,Mr. A0.920721958852025,Gang0.983215633780827,UK - United Kingdom,2015-04-30,,1971-05-05,Y
376,Co0.101865093764186,Lai0.314136496682043,FR - France,2016-06-15,M,1991-04-23,Y
377,Olivi0.946648332542964,Li0.607767472650944,GER - Germany,2016-06-16,M,1980-10-16,Y
378,Ja0.64423582176929,S0.8199102420523,IT - Italy,2016-06-16,F,1975-06-01,Y
379,Renan0.994827109617748,T0.335044111388015,IT - Italy,2016-06-16,M,2003-06-10,Y
380,Rahma0.449270990627745,Wirad0.955470998141443,UK - United Kingdom,2016-06-16,M,2006-04-24,Y
381,Ha0.791709855644529,Abdu0.452864905223094,FR - France,2015-03-13,F,1987-08-07,Y
382,T0.309463283685496,L0.104646531512644,FR - France,2015-03-13,,1996-02-19,N
383,Jerom0.184574993237869,Jast0.0997177097572169,IT - Italy,2016-06-17,M,1985-03-14,Y
384,Jo0.692974426405144,Li0.0604877866756659,IT - Italy,2015-03-17,M,1995-02-27,N
385,Mr. P0.527112293433016,Ku0.948596953299576,UK - United Kingdom,2015-03-17,,2010-01-08,Y
386,Mr. N0.422503113356506,Santo0.374601076257029,UK - United Kingdom,2015-03-17,M,1982-12-14,Y
387,Ms. 0.407468635148345,K0.249247385498351,GER - Germany,2015-03-17,M,2003-10-02,N
388,Ling0.881534760555507,C0.38270072435195,GER - Germany,2015-03-17,M,1979-06-14,N
389,M0.764918273446317,Te0.0986682208884845,FR - France,2015-03-17,F,1972-08-15,Y
390,Joah0.939203683375252,Ro0.237593998550533,IT - Italy,2015-05-05,F,1973-01-08,Y
391,Mark0.175867414305624,L0.104646531512644,IT - Italy,2015-05-05,M,1969-04-14,Y
392,J0.296763543588496,Mac0.446491348675459,IT - Italy,2015-05-05,M,1998-06-20,Y
393,Kar0.283692776824574,Rive0.562264339191966,IT - Italy,2015-05-05,M,1978-09-28,N
394,Sa0.0968096987492038,Altis0.353652030318537,IT - Italy,2015-05-05,M,2002-12-16,Y
395,Rey0.403284288978455,Vasq0.223347400830049,IT - Italy,2015-05-05,M,1989-02-26,Y
396,Mylen0.973654708443203,S0.208776815298211,IT - Italy,2015-05-05,F,2004-02-05,Y
397,Ke0.348258040995125,Tan0.662463855720801,GER - Germany,2015-03-17,F,1985-04-17,N
398,Ma0.378261316266488,A0.72981999621246,IT - Italy,2015-05-06,,1970-10-28,N
399,Madel0.810775109616903,Ape0.174666126661631,IT - Italy,2015-05-06,M,2006-06-19,Y
400,Kar0.283692776824574,A0.544523280192175,IT - Italy,2015-05-06,M,1980-05-22,Y
401,Ms0.309407094812099,Y0.219984376448427,GER - Germany,2015-03-17,,1986-10-17,Y
402,Ri0.556703377525538,Yams0.933916301173212,IT - Italy,2015-05-06,M,2005-11-04,N
403,Rode0.473952653527963,L0.629011303422314,IT - Italy,2015-05-06,,1973-11-09,Y
404,V0.496353057371864,P0.152383089527053,IT - Italy,2015-05-06,F,1997-10-14,N
405,L0.453032418368057,Calum0.669722539302384,IT - Italy,2015-05-06,M,2009-06-24,N
406,W0.726490821196358,Dato0.0997852615361506,IT - Italy,2015-05-06,F,1983-04-08,Y
407,Vir0.561096627575483,Roc0.371055511258621,IT - Italy,2015-05-06,M,1990-09-21,N
408,Mr.0.996644024548015,Tan0.662463855720801,GER - Germany,2015-03-17,F,2001-04-24,N
409,Sam0.472911062541692,Ojoyl0.107721649871016,IT - Italy,2015-05-06,F,1991-10-19,N
410,Mic0.549094726985715,Beh0.892283409647663,FR - France,2015-05-06,M,2001-11-14,N
411,Mr. A0.409865754229814,Tan0.662463855720801,FR - France,2015-03-17,F,2002-07-02,N
412,M0.549056868383108,M0.992779589997644,FR - France,2015-03-17,M,1993-06-19,Y
413,Ms. 0.96109399813662,L0.104646531512644,GER - Germany,2015-03-17,F,1980-06-08,N
414,Mr.0.585196577556678,An0.592769452707356,GER - Germany,2015-03-17,,1972-07-14,N
415,R0.848921688536005,ANAND0.58188924867932,GER - Germany,2016-06-20,F,1978-04-09,N
416,Renan0.994827109617748,Be0.292688309428026,IT - Italy,2016-06-22,M,1979-09-07,Y
417,Xi0.338993906933067,Xin0.998739610237136,GER - Germany,2016-06-22,M,2007-11-16,Y
418,Ter0.820045859299096,Cho0.755116752376421,FR - France,2016-06-23,F,1993-03-25,Y
419,S0.681341469366454,Mur0.286315830029374,FR - France,2016-06-24,M,2004-04-05,Y
420,M0.622790690911763,Chan0.727240905288105,GER - Germany,2015-03-17,M,2006-07-18,Y
421,Nicol0.55298197067581,Ni0.365591535621229,UK - United Kingdom,2015-05-12,F,1969-06-14,N
422,M0.671033149232473,Missy0.29577151853328,UK - United Kingdom,2015-05-12,,2008-10-26,Y
423,Sh0.577760644666405,-0.793095850214827,FR - France,2016-06-28,,1972-05-17,N
424,Mr. 0.521940779888079,Hadi0.284157108010468,UK - United Kingdom,2015-05-12,M,1982-08-29,N
425,M0.338773903269354,Lo0.214781069325519,UK - United Kingdom,2015-05-12,F,2005-05-23,Y
426,Ms0.730755740116034,A0.860618487782208,UK - United Kingdom,2015-05-12,F,1989-07-19,Y
427,San0.101978327443906,Wija0.333235297395207,UK - United Kingdom,2016-06-29,,2005-04-17,Y
428,Mrs0.0276892898004081,Mrs.0.28412811132252,UK - United Kingdom,2015-05-12,F,1988-04-09,N
429,Willi0.399836191979482,C0.055086018534077,UK - United Kingdom,2016-06-29,M,1968-06-17,N
430,Wi0.0210863988766886,T0.00691823414828741,GER - Germany,2015-03-17,F,1991-06-22,Y
431,V0.970420397714367,Gui0.817809542769352,IT - Italy,2016-06-30,F,1965-06-07,Y
432,Yash0.622228563297007,B0.475639643215751,GER - Germany,2016-06-30,,1993-12-19,Y
433,Pe0.88267543995376,Chri0.225927301162588,GER - Germany,2016-06-30,,1967-03-07,Y
434,Terry0.945064536854631,L0.104646531512644,FR - France,2016-06-30,M,1995-09-27,Y
435,Patri0.323969841274968,Chin0.945475744714798,FR - France,2016-06-30,,1977-07-24,N
436,Sam0.472911062541692,Ojoyl0.107721649871016,IT - Italy,2016-06-30,F,1999-10-26,N
437,Teo0.525163987598353,Foo0.430048689006171,FR - France,2016-07-01,,1998-02-18,Y
438,Ni0.0610980345519908,Palis0.404029587740413,IT - Italy,2016-07-01,,1973-04-27,Y
439,Ste0.496218782584871,K0.249247385498351,FR - France,2016-07-01,F,1969-05-01,N
440,Sha0.347034810256774,A0.975859820949528,GER - Germany,2016-07-05,M,2009-03-11,Y
441,N0.969714401137329,Tamar0.540352282011733,GER - Germany,2016-07-07,F,1986-12-25,Y
442,Sa0.0968096987492038,De C0.252758829702013,IT - Italy,2016-07-07,,1995-07-24,N
443,Ms0.302041894544118,Tan0.662463855720801,GER - Germany,2015-05-14,F,2009-02-05,Y
444,V0.985870403965156,Yeo0.611885815700127,FR - France,2015-03-17,,1990-06-23,Y
445,Nora0.815341530864784,La0.446682469158795,FR - France,2016-07-11,,2002-01-21,N
446,Mr.0.798607031148454,Soh0.913692654845785,FR - France,2016-07-11,M,1990-03-15,Y
447,Yvon0.123331623956968,Tan0.662463855720801,GER - Germany,2015-05-14,,2010-03-25,N
448,Moh0.478682882191102,Suh0.825352255341135,FR - France,2016-07-14,M,1982-03-16,Y
449,Ro0.125394122544836,Lim0.185633050851678,GER - Germany,2015-03-17,M,1982-08-28,N
450,Sz0.134578567413553,Lim0.185633050851678,FR - France,2016-07-19,F,1986-04-21,N
451,To0.0670184936739923,Cho0.859489764477528,FR - France,2016-07-20,F,2002-11-07,N
452,Rona0.966695146473537,Ka0.76927820672461,UK - United Kingdom,2016-07-21,,1972-04-14,N
453,Soo 0.26393459661211,Chu0.306978358145085,GER - Germany,2015-03-17,F,1982-11-04,Y
454,R0.680902129432734,Seah0.788765844919051,GER - Germany,2015-05-19,,1975-11-09,Y
455,R0.261863027865142,Rui0.796637749733618,IT - Italy,2016-07-22,F,2001-05-06,N
456,TJ0.729129662792742,N0.684295270269454,IT - Italy,2015-05-19,,2001-01-23,Y
457,Ram0.653308530677119,Ste0.0864185942988684,IT - Italy,2015-05-19,,1983-08-03,Y
458,Roy0.283022989203836,N0.926821188095341,IT - Italy,2015-05-19,,1992-06-14,Y
459,Siti0.745558851718367,-0.793095850214827,FR - France,2016-07-25,,1985-02-12,Y
460,Shi H0.48358764896616,Seah0.788765844919051,GER - Germany,2016-07-26,M,2004-01-20,Y
461,Y0.809264605335822,Chong0.0270662213414498,FR - France,2016-07-26,,1994-01-05,Y
462,Peter0.758033508398948,Ir0.0391061080260039,UK - United Kingdom,2016-07-27,,1991-01-11,N
463,Reen0.0952904435838193,Suppi0.222314263038921,GER - Germany,2016-07-28,M,1974-09-06,Y
464,Wa0.438187954874426,W0.775201627445077,FR - France,2015-05-20,,2005-03-14,N
465,Rafa0.500489153052483,Lao0.641576966726984,IT - Italy,2015-05-20,,1978-04-17,N
466,Yvon0.123331623956968,Foo0.430048689006171,GER - Germany,2016-08-02,F,1997-03-26,Y
467,P0.415350457051743,Lim0.185633050851678,GER - Germany,2016-08-03,,1986-11-25,Y
468,Peter0.758033508398948,Chi0.0047852315391792,FR - France,2016-08-03,M,2007-05-09,N
469,R0.0782096985322516,Pra0.661854014095418,UK - United Kingdom,2016-08-04,M,2005-07-22,Y
470,Val0.340444266763673,Madj0.419994040290309,UK - United Kingdom,2016-08-05,,1970-02-10,Y
471,Sharo0.924985557856275,Lim0.185633050851678,FR - France,2016-08-10,F,1981-09-04,N
472,Va0.411858676238965,Ch0.756220614951385,FR - France,2016-08-10,,1993-02-01,Y
473,Ni0.603754535921879,Tjong0.525521495498275,UK - United Kingdom,2016-08-10,,1990-01-21,N
474,N0.527841825550314,Bauti0.80287986247552,IT - Italy,2016-08-12,F,1985-08-14,N
475,Niel0.152269058936352,Alla0.48444662959359,IT - Italy,2016-08-15,F,1970-09-29,N
476,N0.273925666560388,Yan0.627577035895079,FR - France,2016-08-17,F,1974-09-19,N
477,Y0.878885689818738,Lim0.185633050851678,FR - France,2016-08-17,M,1971-05-22,N
478,S0.587949548885663,Tan0.662463855720801,GER - Germany,2015-03-17,,1988-09-13,Y
479,Ye0.784646068871276,Chang0.161981519433985,FR - France,2016-08-22,,2006-05-24,N
480,Patri0.533013287092079,Ja0.236260107253188,IT - Italy,2016-08-22,F,1982-03-23,Y
481,Regi0.552342719439058,D0.507839767395338,IT - Italy,2016-08-22,,1987-06-23,N
482,No0.916644466651059,Mano0.337576063444485,IT - Italy,2016-08-22,M,2004-10-05,Y
483,No0.70856472871708,Bal0.905888067116436,IT - Italy,2016-08-22,,1987-12-08,N
484,Pr0.509649175300494,Tat0.810499427708397,IT - Italy,2016-08-22,M,2007-07-02,N
485,Ta0.964403589529336,Fatt0.930332420504695,FR - France,2016-08-22,F,1970-11-25,N
486,Rona0.615571068262752,Berna0.0124229729190189,IT - Italy,2016-08-24,F,1996-11-19,Y
487,Vi0.915145271413974,Veer0.777012208047295,FR - France,2016-08-24,F,1974-06-05,N
488,Ray0.298058631460834,-0.793095850214827,IT - Italy,2016-08-24,,1975-07-28,N
489,Zh0.0745013447328673,Lim0.185633050851678,FR - France,2016-08-25,,1967-02-06,Y
490,Tze M0.194478740837821,Ng0.753960335680345,FR - France,2016-08-25,,1992-01-18,Y
491,Visw0.3629840605604,Nai0.855037253575918,FR - France,2016-08-25,F,1999-06-09,Y
492,Sea0.748330882370555,Khor0.547015114441566,FR - France,2016-08-25,,1991-12-10,Y
493,Sharo0.924985557856275,Tan0.662463855720801,GER - Germany,2016-08-29,F,1969-04-02,Y
494,Si0.728781550231805,-0.793095850214827,GER - Germany,2016-08-29,M,1975-06-03,N
495,R0.992010935651409,Mar0.218657303855683,FR - France,2015-03-17,F,1976-07-20,Y
496,Shi0.572782286374125,Ali0.0457061068088277,FR - France,2016-08-30,M,1975-10-07,N
497,Re0.622505314445452,Rega0.540587913024199,IT - Italy,2016-08-30,M,2010-03-15,N
498,Yan0.560350334343972,He0.349527466470481,GER - Germany,2016-08-31,M,1978-08-04,Y
499,N0.959610285810767,Ag0.244368157102111,GER - Germany,2015-03-18,M,2006-08-18,Y
500,N0.47015313400718,N0.381215776619974,FR - France,2015-05-25,F,1981-08-18,Y
501,R0.680902129432734,Tan0.662463855720801,GER - Germany,2015-03-18,M,2003-05-14,N
502,Zul F0.707621809802674,Z0.145577438271525,UK - United Kingdom,2016-09-05,F,1977-04-16,Y
503,So0.74574391746142,S0.488413679842458,GER - Germany,2016-09-05,M,1985-09-28,Y
504,Ro0.721655444837831,Esteb0.842153131827397,GER - Germany,2015-05-25,M,1996-10-28,N
505,Sere0.11963538366066,Goh0.375737577987716,GER - Germany,2016-09-05,,1976-04-09,N
506,Sau H0.574643436479866,Lim0.185633050851678,GER - Germany,2016-09-05,,2000-06-04,Y
507,Peter0.758033508398948,Tan0.662463855720801,GER - Germany,2016-09-05,,2001-08-08,N
508,Sha0.656038655089296,x0.868064831622167,GER - Germany,2016-09-05,M,2001-09-15,Y
509,sem0.464035257761032,Sam0.583158681054332,GER - Germany,2015-05-25,M,1982-12-26,Y
510,R0.408071277661802,Leo0.0431557875976862,GER - Germany,2016-09-05,F,2003-06-01,Y
511,S0.401397907488923,Gopal0.450500196816969,GER - Germany,2016-09-05,M,1973-12-02,Y
512,R0.524569480208832,C0.95403828295061,GER - Germany,2016-09-05,,2003-05-28,N
513,Tho0.385232122185646,Tan0.662463855720801,GER - Germany,2016-09-05,F,2006-02-11,N
514,Ridho0.0962252900305464,M0.173816445788039,UK - United Kingdom,2015-05-25,F,1983-12-14,N
515,Ro0.399153743727051,Neo0.765694849801297,GER - Germany,2016-09-05,F,1984-10-24,Y
516,S P0.93465108763222,Singh0.61966184429354,GER - Germany,2016-09-05,,1988-06-06,Y
517,Sarav0.797249074763388,Mahar0.0127297951485501,GER - Germany,2016-09-05,M,1993-02-08,Y
518,P 0.309457672322592,Goh0.375737577987716,GER - Germany,2016-09-05,F,1978-08-02,Y
519,Z0.946833128729308,x0.868064831622167,GER - Germany,2016-09-05,F,1986-01-11,N
520,Se0.76926421069499,x0.868064831622167,GER - Germany,2016-09-05,F,1985-10-01,Y
521,Rame0.938302345578601,x0.868064831622167,GER - Germany,2016-09-05,,2000-09-23,N
522,Sabr0.595409613711935,Y0.88369497014745,GER - Germany,2016-09-05,F,1970-03-03,Y
523,Tee0.137944495425271,L0.104646531512644,GER - Germany,2016-09-05,F,1988-01-06,Y
524,V0.794714978653383,x0.868064831622167,GER - Germany,2016-09-05,,1983-11-02,N
525,Tho0.385232122185646,Yeo0.611885815700127,GER - Germany,2016-09-05,F,1992-01-07,N
526,Su0.925468238899497,Siva0.98391848479589,GER - Germany,2016-09-05,,2002-09-24,N
527,S C0.562868751787987,Ong0.332374624629349,GER - Germany,2016-09-05,M,1966-05-17,Y
528,Yeong0.0562889867579649,Teck0.356355149691088,GER - Germany,2016-09-05,M,1966-05-23,N
529,Weihu0.151873731610674,Chu0.306978358145085,GER - Germany,2016-09-05,,1995-08-03,N
530,TJ0.729129662792742,N0.684295270269454,IT - Italy,2015-05-25,M,1996-02-16,Y
531,Rama0.240492392067264,Moor0.326417984862388,GER - Germany,2016-09-05,F,1968-12-08,N
532,Sylvi0.297592802683295,Goh0.375737577987716,GER - Germany,2016-09-05,M,1984-02-04,Y
533,Se0.730563054519865,Girsa0.795430113156434,UK - United Kingdom,2015-05-25,M,2004-08-27,N
534,P0.485768287011446,Ch0.500289209543242,GER - Germany,2016-09-05,M,1993-08-02,Y
535,R0.408071277661802,L0.104646531512644,GER - Germany,2016-09-05,,1990-08-05,N
536,Se0.970055193658135,H0.18251437449923,GER - Germany,2016-09-05,,1989-10-13,N
537,S0.886614333255127,K0.249247385498351,GER - Germany,2016-09-05,F,1987-11-19,Y
538,Peter0.758033508398948,Ab0.33221417493247,GER - Germany,2016-09-05,M,2003-10-14,Y
539,Ro0.125394122544836,H0.18251437449923,GER - Germany,2016-09-05,F,2000-03-15,Y
540,Yo0.194454116585958,x0.868064831622167,GER - Germany,2016-09-05,M,1991-04-15,N
541,Sunny0.250736635890978,H0.526007066689297,GER - Germany,2016-09-05,,1989-03-13,N
542,R0.644598442748862,Lum0.324581878751521,GER - Germany,2016-09-05,M,1980-09-02,N
543,S0.388701355058947,L0.104646531512644,GER - Germany,2016-09-05,F,1996-11-21,Y
544,Yang0.307749679806776,Boy0.907454536178065,GER - Germany,2015-05-25,F,1973-09-13,N
545,Patri0.323969841274968,C0.95403828295061,GER - Germany,2016-09-05,F,1966-10-14,N
546,T D0.797271915884647,Pan0.346033355426464,GER - Germany,2016-09-05,,1984-12-14,N
547,Shill0.301842509479699,Tong0.955895961844026,GER - Germany,2016-09-05,,1993-04-29,N
548,Ste0.496218782584871,Q0.0769711049060214,GER - Germany,2016-09-05,,1990-08-16,Y
549,S S0.770194257516086,Kh0.766529502176661,GER - Germany,2016-09-05,,2006-08-25,N
550,Ri0.37050276843747,Mu0.0712901387451832,GER - Germany,2016-09-05,F,1966-02-02,Y
551,Son0.821758927380806,Ary0.356177327722616,GER - Germany,2016-09-05,M,1965-07-19,N
552,P0.646348655624803,P0.672986454272393,GER - Germany,2016-09-05,F,1999-08-15,N
553,Uday0.581883564505867,Kumar0.0236947091076158,GER - Germany,2016-09-05,F,1992-12-18,Y
554,Zen0.248139059872018,L0.104646531512644,GER - Germany,2016-09-05,F,1976-03-11,Y
555,Tony0.845999884966401,Cho0.755116752376421,GER - Germany,2015-05-25,F,1994-01-14,Y
556,Wei 0.290112309223043,Zen0.354903502158431,GER - Germany,2016-09-05,M,1982-11-13,Y
557,Weei0.71726419308625,Ti0.664932836622385,GER - Germany,2016-09-05,F,1971-12-25,Y
558,Vij0.334626870345078,D0.0698674422269514,GER - Germany,2016-09-05,F,1998-12-29,Y
559,She0.231120171579961,Ro0.445339832565688,GER - Germany,2016-09-05,F,1998-01-25,Y
560,Sri0.936507922596397,Kri0.218404030178455,GER - Germany,2015-05-25,M,1978-10-28,Y
561,V.0.3708261351114,Ra0.684589818739795,GER - Germany,2016-09-05,F,1996-08-10,N
562,Selva0.79490737853736,Kanna0.233241864114463,GER - Germany,2016-09-05,F,1990-07-01,Y
563,Peter0.758033508398948,Fong0.450392761295852,GER - Germany,2016-09-05,F,2001-12-11,Y
564,Vince0.78241795130866,Che0.486379297844349,GER - Germany,2015-05-25,F,1990-10-20,N
565,Ter0.820045859299096,Tha0.397487943528698,GER - Germany,2016-09-05,F,1974-10-12,N
566,Ra0.654088173823888,Tay0.692175919031291,GER - Germany,2015-05-25,M,2000-01-09,N
567,Roy0.283022989203836,Lim0.185633050851678,GER - Germany,2016-09-05,,1995-09-07,N
568,Rupi0.624611115962291,Ku0.237742088667251,GER - Germany,2016-09-05,M,1986-06-27,Y
569,V0.778361027273901,.x0.141564151560767,GER - Germany,2016-09-05,,2004-11-13,N
570,Salen0.426101172835992,Zain0.327983198161925,GER - Germany,2016-09-05,M,2007-01-21,Y
571,Seng 0.693743876593369,Lim0.185633050851678,GER - Germany,2016-09-05,,1965-04-28,Y
572,Ronn0.114670750008424,Li0.99877796506891,UK - United Kingdom,2015-05-25,,1987-01-08,Y
573,V0.296680287495188,Foo0.430048689006171,GER - Germany,2016-09-05,,1995-07-03,Y
574,Ye L0.26291192608477,Kyaw0.838254317242562,GER - Germany,2016-09-05,M,1994-08-25,N
575,S0.255648375011468,Sah0.550701988891545,GER - Germany,2016-09-05,,2007-09-10,N
576,Sand0.0600888829655469,Dessa0.0617278630941728,GER - Germany,2016-09-05,F,2008-01-03,Y
577,V0.778361027273901,Th0.227036658465695,GER - Germany,2016-09-05,F,2007-01-13,N
578,Ta0.824267164275362,L0.289615493217618,GER - Germany,2016-09-05,F,1975-07-05,Y
579,Zhixi0.969797061462278,Goh0.375737577987716,GER - Germany,2016-09-05,,1993-06-18,N
580,Umes0.763093142149331,Rajar0.305594543104158,GER - Germany,2016-09-05,M,1965-10-23,N
581,Rog0.923142616899808,Burn0.61055129279482,GER - Germany,2015-05-25,M,1985-04-11,Y
582,Sha0.253214789197845,A0.675472525815267,GER - Germany,2016-09-05,,1990-06-18,N
583,Ru0.0829013535695738,Wan0.56465077132815,GER - Germany,2016-09-05,M,1992-07-26,N
584,Wee H0.975262134720765,Lim0.185633050851678,GER - Germany,2016-09-05,M,1999-03-04,N
585,Sow 0.293894155704042,Tan0.662463855720801,GER - Germany,2016-09-05,M,1984-12-12,Y
586,Siau0.714572783618956,Kan0.38486892301771,GER - Germany,2016-09-05,F,2004-01-23,N
587,Sam0.472911062541692,Ng0.753960335680345,GER - Germany,2016-09-05,F,2007-05-11,Y
588,Rajes0.108510537853061,K0.12910049407163,GER - Germany,2016-09-05,F,1972-03-19,Y
589,sa0.850976611908931,G0.184828373891338,GER - Germany,2015-05-25,,1998-03-01,Y
590,R0.281141239668138,K0.225983762907879,GER - Germany,2016-09-05,,1998-08-14,N
591,Thil0.259365316131019,x0.868064831622167,GER - Germany,2016-09-05,,1985-10-13,Y
592,Sanka0.950106504668555,S0.717754412126018,GER - Germany,2016-09-05,F,1989-07-01,Y
593,Yan0.101931673023518,S0.756980561256767,GER - Germany,2016-09-05,F,2006-12-25,N
594,S0.388701355058947,Chia0.705892470611562,GER - Germany,2016-09-05,F,1990-02-25,N
595,Pur0.376002656268972,Nug0.741384108635355,UK - United Kingdom,2015-05-25,M,2002-12-10,Y
596,Sur0.256251387338921,x0.868064831622167,GER - Germany,2016-09-05,,1988-10-19,Y
597,T0.824716334489485,L0.104646531512644,GER - Germany,2016-09-05,,1975-09-28,N
598,Ro0.125394122544836,Me0.255324466866144,IT - Italy,2015-03-18,,1976-03-19,Y
599,z0.29271897406544,ham0.830725608980352,FR - France,2015-05-25,,1990-12-05,N
600,Si0.921371208731847,Fong0.450392761295852,GER - Germany,2015-05-25,F,2008-11-26,N
601,Ra0.196610708461015,Rui0.796637749733618,IT - Italy,2015-05-25,,2004-02-17,N
602,Sujiy0.263483242252165,John0.0501746913148375,UK - United Kingdom,2015-05-25,M,1978-02-28,N
603,Tom0.563614288093019,U0.617676669633075,UK - United Kingdom,2015-05-25,,2010-04-28,N
604,Virja0.281406058565602,DG0.0829636714301425,UK - United Kingdom,2015-05-25,M,2010-06-02,N
605,Willy0.92042611840818,Broa0.100533228827288,IT - Italy,2015-05-25,M,1978-05-24,Y
606,Ram0.653308530677119,Tuano0.787960924616975,IT - Italy,2015-05-25,F,1973-03-01,Y
607,Rica0.952042548573227,Agu0.778106163907963,IT - Italy,2015-05-25,F,1984-08-12,Y
608,Ro0.399153743727051,B0.0780189452385499,IT - Italy,2015-03-19,M,1973-09-01,N
609,Sek 0.747706525640194,W0.775201627445077,GER - Germany,2015-05-25,,1989-10-12,N
610,Wong0.810790234168482,PY0.537987673201859,FR - France,2015-05-25,M,1970-10-18,Y
611,Y0.33180715615544,Ch0.546519502591008,FR - France,2016-09-13,,1977-12-06,Y
612,Ridh0.6269774796358,Zuk0.439693338061207,FR - France,2016-09-13,,2007-12-02,N
613,Tony0.845999884966401,Elie0.853448206514354,UK - United Kingdom,2015-05-25,F,2006-02-10,N
614,T0.719698280872926,Teo0.0328212099785498,FR - France,2016-09-13,,1986-02-15,Y
615,Sk0.423271313982393,W0.775201627445077,FR - France,2016-09-13,,2001-12-05,N
616,S0.829101899015831,So0.471333756298378,FR - France,2016-09-13,,1987-05-04,N
617,R0.568855739646544,Omar0.190839224202839,FR - France,2016-09-13,,1968-09-16,N
618,Sia K0.502973180532472,Luw0.352666533401202,FR - France,2016-09-13,,2008-01-18,N
619,Shi0.663809894233149,Che0.945265520281082,FR - France,2016-09-13,F,1981-01-17,N
620,Wa0.165175055114154,Mak0.718213304677904,FR - France,2016-09-13,F,2005-02-01,N
621,Zee C0.615870836816492,Y0.88369497014745,FR - France,2016-09-13,F,1991-05-23,Y
622,Ye0.638110229754228,Ka0.411880781632681,FR - France,2016-09-13,F,1985-05-13,Y
623,Suyee0.0245839573656246,Loo0.885239420130802,FR - France,2016-09-13,,1988-08-23,Y
624,S0.299986598047902,W0.775201627445077,FR - France,2016-09-13,F,2001-11-14,N
625,Yo0.956684467063237,Chan0.727240905288105,FR - France,2016-09-13,M,1982-01-17,N
626,San0.504182664550252,Aah0.0164105690242686,FR - France,2016-09-13,,1993-03-03,N
627,Willi0.399836191979482,Tan0.662463855720801,FR - France,2016-09-13,F,1972-09-06,N
628,Rus0.984259414101269,Nord0.496729514069811,FR - France,2016-09-13,,2003-06-17,N
629,S0.388701355058947,Tan0.662463855720801,FR - France,2016-09-13,,2008-08-02,Y
630,Yee0.32846143374155,Chu0.306978358145085,FR - France,2016-09-13,M,2002-08-11,N
631,T0.911120909121872,P0.589592549186228,FR - France,2016-09-13,M,2002-08-23,N
632,Ste0.833049318407553,Ong0.332374624629349,FR - France,2016-09-13,F,1981-12-06,N
633,Se0.706723423474949,Ma0.989977225239804,FR - France,2016-09-13,F,1967-09-22,Y
634,Say 0.850526343302479,Kon0.483043243017932,FR - France,2016-09-13,,1984-11-06,Y
635,Ye0.0719936993534821,Ng0.753960335680345,FR - France,2016-09-13,M,1965-07-18,N
636,Suzan0.0948600237147139,Tan0.662463855720801,FR - France,2016-09-13,F,1976-04-07,Y
637,Si0.619052166382729,Chan0.727240905288105,FR - France,2016-09-13,,1970-10-13,N
638,Willi0.399836191979482,W0.775201627445077,FR - France,2016-09-13,M,1965-05-23,Y
639,Wal0.591188453742036,Bora0.23758795452242,FR - France,2016-09-13,F,1975-01-28,N
640,Ste0.496218782584871,S0.693832999672615,FR - France,2016-09-13,,1973-08-07,Y
641,Y0.815241472294314,Za0.46997212136532,FR - France,2016-09-13,M,1985-12-18,Y
642,Sharm0.5698735876629,P0.672986454272393,FR - France,2016-09-13,F,1998-10-19,Y
643,Yan L0.599435007891995,Tong0.955895961844026,FR - France,2016-09-13,M,1979-09-25,Y
644,Stev0.559501218515968,Kucia0.257765437947009,FR - France,2015-05-25,,1983-05-15,Y
645,Willi0.399836191979482,Lim0.185633050851678,GER - Germany,2016-09-15,F,1993-08-25,Y
646,Se0.925646926606813,F0.609921451075311,GER - Germany,2016-09-15,,1987-11-25,N
647,Sam0.472911062541692,Yi0.938596136718399,GER - Germany,2015-05-25,F,1973-10-08,N
648,Sw0.149680173316465,Tan0.662463855720801,GER - Germany,2016-09-15,M,1986-08-20,Y
649,Sin S0.735488118279299,Tong0.955895961844026,GER - Germany,2016-09-15,,1999-12-10,Y
650,S0.388701355058947,S0.693832999672615,GER - Germany,2016-09-15,,1995-11-11,Y
651,Tony0.845999884966401,Ang0.128149197304773,GER - Germany,2016-09-15,,1993-04-19,N
652,Siah0.744165831794934,x0.868064831622167,GER - Germany,2016-09-15,M,2006-05-26,Y
653,Willi0.399836191979482,Li0.564899858421366,GER - Germany,2016-09-15,M,2002-11-23,Y
654,Wong0.810790234168482,S0.778561743794072,GER - Germany,2016-09-15,M,1995-12-17,Y
655,S0.137003895035928,T0.00691823414828741,GER - Germany,2016-09-15,F,2010-12-01,Y
656,W0.335386022063651,Teo0.0328212099785498,GER - Germany,2016-09-15,M,1968-09-14,Y
657,Sunny0.250736635890978,Teo0.0328212099785498,GER - Germany,2016-09-15,M,2008-04-25,N
658,Tats0.114083221710401,Y0.823699152687546,GER - Germany,2016-09-15,F,1974-07-28,Y
659,Ste0.496218782584871,Sng0.214805540513279,GER - Germany,2016-09-15,,2007-08-06,Y
660,Vince0.78241795130866,Goh0.375737577987716,GER - Germany,2016-09-15,,1980-01-23,Y
661,SH0.524034562943823,Tan0.662463855720801,GER - Germany,2016-09-15,,1990-10-20,Y
662,Vi0.389419310612767,K0.775057321737499,GER - Germany,2015-05-25,F,1968-08-11,Y
663,Z0.844830512913101,Lim0.185633050851678,GER - Germany,2016-09-15,,1984-01-14,Y
664,Tho0.385232122185646,Tan0.662463855720801,GER - Germany,2016-09-15,M,2001-12-22,Y
665,Ste0.496218782584871,Y0.370503774161767,GER - Germany,2016-09-15,,1988-03-04,N
666,Tony0.845999884966401,Yeo0.611885815700127,GER - Germany,2016-09-15,F,1976-07-14,Y
667,Wis0.208021508573806,Kusu0.422895228552842,UK - United Kingdom,2015-05-25,,1999-07-11,N
668,Swee0.928948593559381,Lok0.566905780078188,GER - Germany,2016-09-15,M,1971-03-03,N
669,W0.326352543542226,Yeon0.83253194922784,GER - Germany,2016-09-15,F,1991-07-25,Y
670,Vince0.78241795130866,C0.95403828295061,GER - Germany,2016-09-15,F,1966-08-13,Y
671,Ste0.496218782584871,Foo0.430048689006171,GER - Germany,2016-09-15,,1995-11-13,N
672,Tio0.914017572562866,x0.868064831622167,GER - Germany,2016-09-15,M,1998-06-29,N
673,Sunny0.250736635890978,Li0.564899858421366,GER - Germany,2016-09-15,F,2003-07-03,N
674,Vince0.78241795130866,Kwek0.167863550384668,GER - Germany,2016-09-15,M,1978-07-26,N
675,V0.296680287495188,Loo 0.198565320815533,GER - Germany,2016-09-15,M,1986-09-23,N
676,Ter0.820045859299096,Low0.870500054610635,GER - Germany,2016-09-05,,2006-08-23,Y
677,Seow 0.900891508713899,Kwek0.167863550384668,GER - Germany,2016-09-05,,1981-11-05,N
678,T T0.687713156004184,Tan0.662463855720801,GER - Germany,2016-09-05,,1974-10-29,Y
679,T0.175792641727565,Ai0.531010787714172,GER - Germany,2016-09-05,,1967-09-28,N
680,Y0.0368478146095689,Ng0.753960335680345,FR - France,2015-05-25,F,1968-02-18,Y
681,Yap0.735707148502177,Chee0.376245546231644,GER - Germany,2016-09-05,M,1998-04-23,N
682,Ter0.820045859299096,Soh0.913692654845785,GER - Germany,2016-09-05,F,1989-03-23,N
683,Tec0.23848746802501,T0.599869760043873,GER - Germany,2016-09-05,M,1999-08-17,Y
684,Su0.402658697212855,Karda0.975893756352891,GER - Germany,2016-09-05,M,2003-07-28,Y
685,T0.559897811041168,Kean0.00973782489282149,GER - Germany,2016-09-05,M,2004-08-01,Y
686,V0.795155295527023,Yan0.118798961039949,GER - Germany,2016-09-05,M,1998-12-02,N
687,Una0.0704256628000707,H0.18251437449923,GER - Germany,2016-09-05,M,2009-11-05,Y
688,Yuel0.134810370321864,Lin0.273677572084062,GER - Germany,2015-05-25,,1975-05-16,Y
689,Tan0.101630123254081,Helen0.0595379819660006,GER - Germany,2016-09-05,F,1989-09-06,Y
690,Up0.428989966363647,Ch0.500289209543242,GER - Germany,2015-05-25,,1975-12-24,N
691,Tee0.729810836044895,Teo0.0328212099785498,GER - Germany,2016-09-05,M,1977-02-14,N
692,Trac0.74617035829569,Ang0.128149197304773,GER - Germany,2015-05-25,M,2000-12-27,Y
693,S0.388701355058947,Ch0.087066098740417,GER - Germany,2015-05-25,,1966-04-06,Y
694,Yoke0.964923930330996,L0.289615493217618,GER - Germany,2016-09-05,,2001-05-04,N
695,Si0.318078968546007,Ha0.588416088899314,GER - Germany,2016-09-05,M,1978-05-23,N
696,W0.540834107213355,W0.775201627445077,GER - Germany,2016-09-05,,1996-03-11,Y
697,Tom0.563614288093019,Chan0.727240905288105,GER - Germany,2016-09-05,M,1996-10-12,Y
698,S0.171112397977136,Lim0.185633050851678,GER - Germany,2016-09-05,M,1980-10-07,Y
699,S0.171112397977136,Lim0.185633050851678,GER - Germany,2016-09-05,F,1992-04-19,Y
700,Wee0.156080776136183,Ngo0.179949923790406,GER - Germany,2016-09-05,,1983-06-07,Y
701,Wee 0.065359933162622,Ngo0.179949923790406,GER - Germany,2016-09-05,M,2006-06-13,Y
702,Yee0.545089540462546,S0.656943066923471,GER - Germany,2016-09-05,,2010-02-02,Y
703,Yon0.565454599863698,Seow0.140970074691221,GER - Germany,2016-09-05,,1991-10-27,N
704,Ste0.496218782584871,Loc0.327988971912919,GER - Germany,2016-09-05,M,2008-12-25,Y
705,Yong 0.818871211952462,Seow0.140970074691221,GER - Germany,2016-09-05,F,1996-01-11,N
706,Y0.190402853759622,S0.253543080383404,GER - Germany,2016-09-05,,2005-05-22,N
707,Tai F0.55869067560943,Chen0.632615248572152,GER - Germany,2016-09-05,,1993-06-28,N
708,S0.966742265953798,Goh0.375737577987716,GER - Germany,2016-09-05,F,1979-05-28,Y
709,Wee H0.0431567041427334,Tan0.662463855720801,GER - Germany,2016-09-05,M,1980-01-21,Y
710,Y0.990045400188007,Ra0.684589818739795,GER - Germany,2016-09-05,F,2005-10-24,N
711,Theng0.564156703929564,Q0.0769711049060214,GER - Germany,2016-09-05,,1979-02-15,Y
712,Wo0.84952164078567,Ked0.924488361508924,GER - Germany,2016-09-05,F,1991-06-15,N
713,S0.997022301849053,Lim0.185633050851678,GER - Germany,2016-09-05,F,1967-03-13,N
714,Wilso0.325237205926764,Ng0.753960335680345,GER - Germany,2016-09-05,M,1985-08-26,N
715,Tay0.665804373931072,D0.606571767312697,GER - Germany,2016-09-05,,1972-02-06,N
716,Yew0.250320656872678,Lin0.518924606167321,GER - Germany,2016-09-05,M,1985-02-19,N
717,Yew0.250320656872678,Ho0.155069667475947,GER - Germany,2016-09-05,M,1970-03-09,N
718,W0.514984465095504,Kwek0.167863550384668,GER - Germany,2016-09-05,M,1971-09-12,N
719,Wai-H0.0668283607740884,Yee0.00636289427216497,GER - Germany,2016-09-05,F,1965-08-14,Y
720,Wilfr0.819812994698298,Tiron0.702516186841342,GER - Germany,2016-09-05,,1999-04-28,Y
721,Wee k0.180945069173887,L0.104646531512644,GER - Germany,2016-09-05,M,1976-08-03,Y
722,There0.261416426223307,Tan0.662463855720801,GER - Germany,2016-09-05,M,1965-07-17,N
723,Tony0.845999884966401,Lin0.273677572084062,GER - Germany,2016-09-05,F,1968-07-15,Y
724,W0.194450257178863,Y0.185467074447232,GER - Germany,2016-09-05,,2008-01-09,Y
725,W0.726490821196358,C0.294395678101911,GER - Germany,2016-09-05,,2008-06-10,Y
726,Yun J0.396299416352887,H0.421606408729142,GER - Germany,2016-09-05,M,2008-05-10,Y
727,Tan H0.619938794946122,Kah0.50827796256926,GER - Germany,2016-09-05,F,1991-05-28,Y
728,Sze 0.330830024542068,Chan0.727240905288105,GER - Germany,2016-09-05,,1971-01-07,Y
729,Wee W0.519918457385216,Chong0.0270662213414498,GER - Germany,2016-09-05,,1981-09-15,N
730,Yok S0.970869954538295,Li0.277356399048623,GER - Germany,2016-09-05,F,1999-05-21,Y
731,There0.261416426223307,K0.775057321737499,GER - Germany,2016-09-05,,1999-03-06,Y
732,Tom0.563614288093019,P0.785991851103322,GER - Germany,2016-09-05,,1986-10-02,N
733,Thy0.81619448735831,C0.95403828295061,GER - Germany,2016-09-05,,1982-06-29,N
734,Willi0.399836191979482,Chong0.0270662213414498,GER - Germany,2016-09-05,,1997-04-17,Y
735,Tec0.250621358393172,Y0.88369497014745,GER - Germany,2016-09-05,F,1986-08-24,N
736,Tetsu0.447822562587259,Takah0.260831270717326,GER - Germany,2016-09-05,F,1979-10-10,Y
737,Tony0.845999884966401,L0.104646531512644,GER - Germany,2016-09-05,F,1995-11-18,Y
738,Yew0.271074102008728,Lin0.273677572084062,GER - Germany,2016-09-05,F,1966-12-10,Y
739,Y 0.372336719198411,Pe0.318155379939641,GER - Germany,2016-09-05,,1992-10-29,Y
740,W0.206851309352797,Tan0.662463855720801,GER - Germany,2016-09-05,,1998-02-15,Y
741,Vince0.78241795130866,Ong0.332374624629349,GER - Germany,2016-09-05,M,1983-12-04,N
742,Vince0.78241795130866,Lim0.185633050851678,GER - Germany,2016-09-05,F,1998-06-12,Y
743,Yu0.504450706950172,Q0.484946567694281,GER - Germany,2016-09-05,,2007-07-23,Y
744,Tion0.0997860177053835,So0.471333756298378,GER - Germany,2016-09-05,M,1970-01-19,N
745,T0.0210847457286226,Lim0.185633050851678,GER - Germany,2016-09-05,M,1983-12-11,N
746,Tom0.563614288093019,L0.104646531512644,GER - Germany,2016-09-05,F,1974-09-26,Y
747,Yon0.995325642844765,K0.249247385498351,GER - Germany,2016-09-05,M,2009-02-20,N
748,Vim0.196442412852577,Sreen0.667496045487611,GER - Germany,2016-09-05,F,1966-09-24,Y
749,Wi0.410749035640529,Lim0.185633050851678,GER - Germany,2016-09-05,M,2001-08-16,Y
750,Yew0.250320656872678,F0.0709113848720752,GER - Germany,2016-09-05,F,1971-01-13,Y
751,V0.296680287495188,Pan0.346033355426464,GER - Germany,2016-09-05,,1982-06-19,Y
752,Wilso0.325237205926764,K0.249247385498351,GER - Germany,2016-09-05,F,1997-11-14,N
753,Wi Li0.94046792206097,Chng0.0927496047935558,GER - Germany,2016-09-05,M,1999-12-10,Y
754,Yoo0.202121132538464,Goh0.375737577987716,GER - Germany,2016-09-05,M,2006-05-22,Y
755,Wee K0.723843648615867,Ang0.128149197304773,GER - Germany,2016-09-05,M,2002-02-17,Y
756,Wu0.0113344610441295,Ang0.128149197304773,GER - Germany,2016-09-05,M,1985-03-25,N
757,Yvon0.123331623956968,Cheah0.068060632270693,GER - Germany,2016-09-05,F,1998-10-03,Y
758,Y0.044525328124793,Ad0.0973592950295998,UK - United Kingdom,2015-05-25,F,1965-11-01,N
759,Yoo0.202121132538464,Goh0.375737577987716,GER - Germany,2016-09-05,,1984-07-25,N
760,We0.401622991634416,Fo0.730822068803465,GER - Germany,2016-09-05,,1972-06-09,N
761,Yan0.101931673023518,Chu0.306978358145085,GER - Germany,2016-09-05,,1977-11-11,N
762,Zam0.813904666031585,Junic0.545285600996212,GER - Germany,2016-09-05,M,2010-08-23,N
763,Yu0.303180134749509,S0.756980561256767,GER - Germany,2015-05-25,,2007-02-04,N
764,Yuni0.412862497006326,C0.00700087328826338,UK - United Kingdom,2015-05-25,M,1995-04-02,Y
765,Ya0.945566148422846,Lo0.214781069325519,GER - Germany,2016-09-05,F,1989-10-25,N
766,Yoo0.331072249620266,Low0.870500054610635,GER - Germany,2016-09-05,,1965-07-25,Y
767,Za0.957577858135873,Thoma0.729674423009536,GER - Germany,2016-09-05,M,1980-11-07,Y
768,Y0.286774649994125,Aung0.752567424443609,GER - Germany,2016-09-05,M,1980-09-17,Y
769,Yu0.868816854574661,Tuck0.670377392941702,GER - Germany,2016-09-05,M,1990-05-23,Y